skill,number_of_interns_missing_skill,recommended_training
data visualization,4,Practice data visualization techniques
statistics,4,Study statistics for data science
git,4,Learn Git and GitHub
sql,3,Complete SQL and Database Fundamentals
tableau,3,Learn Tableau data visualization
docker,2,Complete Docker fundamentals
rest api,2,Learn REST API development
pandas,2,Practice Pandas for Data Analysis
power bi,2,Complete Power BI certification training
machine learning,2,Complete Machine Learning fundamentals
react,2,Complete React Frontend Development course
scikit learn,1,Practice Scikit-learn machine learning
microservices,1,Study Microservices architecture
excel,1,Complete Advanced Excel training
numpy,1,Learn NumPy fundamentals
css,1,Training in css
html,1,Training in html
cloud,1,Study cloud deployment fundamentals
pytorch,1,Learn PyTorch fundamentals
python,1,Complete Python for Data Science training
java,1,Complete Java Programming course
javascript,1,Learn modern JavaScript ES6+
